R1,Magnier est pas gentil
R1,Magnier est pas gentil
R1,Magnier est pas gentil
author,content
R1,Magnier est pas gentil
Author,Content
Jean-Michel Concierge,Féfé est de Bordeaux
Author,Content
Jean-Michel Concierge,Féfé est de Bordeaux
Author,Content
Jean-Michel Concierge,Féfé est de Bordeaux
Author,Content
Jean-Michel Concierge,Féfé est de Bordeaux
Author,Content
R1,elle montre ses seins
Author,Content
Luigi,Mario est PD avec Browser
Author,Content
R1,elle montre ses seins
Author,Content
Luigi,Mario est PD avec Browser
Author,Content
R1,elle montre ses seins
Author,Content
Luigi,Mario est PD avec Browser
Author,Content
R1,elle montre ses seins
Author,Content
Luigi,Mario est PD avec Browser
Author,Content
"",""
Author,Content
"",""
Author,Content
"",""
R1,RERERE
R1,SWAG
R1,RERERE
R1,RERERE
R1,RERERE
Erwann,Je kiffe la choucroute
Erwann,R1
R1,SWAG
R1,SWAG
R1,swag is the new orange
R1,Swaggy
erwan,okokok
